{
  "theme": {
    "mode": "light",
    "primary": "#6CA4AC",
    "secondary": "#E5EED2",
    "accent": "#929D5B",
    "background": "#FFFFFF",
    "foreground": "#20385B",
    "radius": "0.5rem",
    "fontSans": "\"Geist\", system-ui, -apple-system, Segoe UI, Roboto, \"Helvetica Neue\", Arial, \"Noto Sans\", \"Liberation Sans\", sans-serif",
    "fontSerif": "\"Cormorant Garamond\", Georgia, serif"
  },
  "seo": {
    "title": "Financial Trauma & Monetary Psychotherapy | Financial Abuse Therapist — Dan Lobel",
    "description": "Financial trauma therapy in Melbourne for women. Heal money shame and anxiety with compassionate, trauma‑informed counselling and monetary psychotherapy. Safe, inclusive, gender‑aware care.",
    "ogImage": "/og.jpg"
  },
  "brand": {
    "name": "Financial Abuse Therapist",
    "subtitle": "Dan Lobel",
    "tagline": "Trauma‑informed care with safety, dignity and choice.",
    "logoUrl": "/Logo.png",
    "headerBannerUrl": "/Logo.png"
  },
  "navigation": [
    {
      "label": "Home",
      "href": "/"
    },
    {
      "label": "About",
      "href": "/#about"
    },
    {
      "label": "Services",
      "href": "/#services"
    },
    {
      "label": "Book",
      "href": "/#book"
    },
    {
      "label": "Contact",
      "href": "/#contact"
    }
  ],
  "contact": {
    "phone": "+61 488 222 137",
    "email": "dan@themelbournecounsellor.com.au"
  },
  "hero": {
    "title": "Financial Trauma & Monetary Psychotherapy",
    "subtitle": "Dan Lobel",
    "description": "D.Couns., B.Couns., MCouns&Psych",
    "imageUrl": "/Dan.png"
  },
  "about": {
    "title": "Trauma‑Informed Financial Therapy",
    "paragraphs": [
      "Dan is a warm, empathic counsellor who combines contemporary integrative counselling with behavioural psychology to help you understand the “why” behind your feelings and choices — particularly around money, self‑worth, grief, and life transitions.",
      "Therapy is paced by you. Consent, choice, and clear boundaries are central. You will never be asked to disclose more than feels safe. Sessions focus on restoring a felt sense of safety, strengthening self‑trust, and supporting practical next steps at a pace that respects your nervous system.",
      "Drawing on monetary psychotherapy alongside integrative, evidence‑based modalities, Dan supports the emotional, relational, and practical dimensions of financial stress — helping you reconnect with agency, dignity, and hope."
    ]
  },
  "services": [],
  "consultations": [
    {
      "format": "Telehealth (Zoom)",
      "price": "$160",
      "duration": "50 mins"
    },
    {
      "format": "In-Home Consultations",
      "price": "$170",
      "duration": "50 mins"
    },
    {
      "format": "In-Room Consultations (St Kilda Rd)",
      "price": "$180",
      "duration": "50 mins"
    },
    {
      "format": "Walk & Discuss Therapy",
      "price": "$170",
      "duration": "50 mins"
    },
    {
      "format": "Extended Consultations",
      "price": "From $220",
      "duration": "Various"
    },
    {
      "format": "Phone Consultations",
      "price": "$160",
      "duration": "50 mins"
    }
  ],
  "resources": [
    {
      "name": "Lifeline",
      "number": "13 11 14",
      "website": "https://www.lifeline.org.au",
      "description": "24/7 crisis support and suicide prevention services across Australia.",
      "logoUrl": "/Lifeline.webp",
      "logoHeight": 80
    },
    {
      "name": "Suicide Call Back Service",
      "number": "1300 659 467",
      "website": "https://www.suicidecallbackservice.org.au",
      "description": "24/7 nationwide service offering free professional phone and online counselling for people affected by suicide.",
      "logoUrl": "/suicide%20services%20call%20back.webp"
    },
    {
      "name": "Beyond Blue",
      "number": "1300 22 4636",
      "website": "https://www.beyondblue.org.au",
      "description": "Support, advice and action for anxiety, depression and suicide prevention.",
      "logoUrl": "/beyond%20blue.webp"
    },
    {
      "name": "MensLine Australia",
      "number": "1300 78 99 78",
      "website": "https://mensline.org.au",
      "description": "24/7 counselling, information and referrals for men with family and relationship concerns.",
      "logoUrl": "/mensline.webp"
    },
    {
      "name": "Kids Helpline",
      "number": "1800 55 1800",
      "website": "https://kidshelpline.com.au",
      "description": "24/7 phone and online counselling for young people aged 5–25.",
      "logoUrl": "/Kids%20helpline.webp"
    },
    {
      "name": "QLife",
      "number": "1800 184 527",
      "website": "https://qlife.org.au",
      "description": "Australia‑wide anonymous LGBTIQ+ peer support and referral service.",
      "logoUrl": "/Qlife.webp"
    }
  ],
  "forms": {
    "enquiry": "/enquiry",
    "consent": "/consent",
    "intake": "/intake"
  }
}